{"cameraMode":{"drawMode":0,"name":"Shaded","section":"Shading Mode"},"sceneLighting":false,"audioPlay":false,"sceneViewState":{"showFog":true,"showMaterialUpdate":false,"showSkybox":false,"showFlares":true,"showImageEffects":true,"showParticleSystems":true},"in2DMode":false,"pivot":{"x":46.79043960571289,"y":0.6734836101531982,"z":60.71505355834961},"rotation":{"x":-0.16448234021663667,"y":0.7056184411048889,"z":-0.1740306317806244,"w":-0.6669042706489563},"size":1.0298748016357422,"orthographic":false}