{"cameraMode":{"drawMode":0,"name":"Shaded","section":"Shading Mode"},"sceneLighting":true,"audioPlay":false,"sceneViewState":{"showFog":true,"showMaterialUpdate":false,"showSkybox":true,"showFlares":true,"showImageEffects":true,"showParticleSystems":true},"in2DMode":false,"pivot":{"x":15.15986442565918,"y":0.9358412027359009,"z":17.60608673095703},"rotation":{"x":-0.21102583408355714,"y":0.7471069097518921,"z":-0.2789207994937897,"w":-0.56524658203125},"size":3.557891607284546,"orthographic":false}