{"cameraMode":{"drawMode":0,"name":"Shaded","section":"Shading Mode"},"sceneLighting":false,"audioPlay":false,"sceneViewState":{"showFog":true,"showMaterialUpdate":false,"showSkybox":false,"showFlares":true,"showImageEffects":true,"showParticleSystems":true},"in2DMode":false,"pivot":{"x":70.03192138671875,"y":0.8763542175292969,"z":455.0452575683594},"rotation":{"x":-0.10157602280378342,"y":0.8813397884368897,"z":-0.40506482124328616,"w":-0.22100937366485597},"size":1.3867864608764649,"orthographic":false}