{"cameraMode":{"drawMode":0,"name":"Shaded","section":"Shading Mode"},"sceneLighting":false,"audioPlay":false,"sceneViewState":{"showFog":true,"showMaterialUpdate":false,"showSkybox":false,"showFlares":true,"showImageEffects":true,"showParticleSystems":true},"in2DMode":false,"pivot":{"x":20.42345428466797,"y":-1.1092759370803834,"z":20.28790283203125},"rotation":{"x":-0.2759813070297241,"y":-0.5317022204399109,"z":0.18856708705425263,"w":-0.778184175491333},"size":2.398176908493042,"orthographic":false}