{"cameraMode":{"drawMode":0,"name":"Shaded","section":"Shading Mode"},"sceneLighting":false,"audioPlay":false,"sceneViewState":{"showFog":true,"showMaterialUpdate":false,"showSkybox":false,"showFlares":true,"showImageEffects":true,"showParticleSystems":true},"in2DMode":false,"pivot":{"x":1.1920928955078126e-7,"y":3.725290298461914e-9,"z":-9.313225746154786e-10},"rotation":{"x":-0.12307419627904892,"y":0.8212080001831055,"z":-0.19341519474983216,"w":-0.5225521326065064},"size":0.6246103048324585,"orthographic":false}