{"cameraMode":{"drawMode":0,"name":"Shaded","section":"Shading Mode"},"sceneLighting":false,"audioPlay":false,"sceneViewState":{"showFog":true,"showMaterialUpdate":false,"showSkybox":false,"showFlares":true,"showImageEffects":true,"showParticleSystems":true},"in2DMode":false,"pivot":{"x":27.648229598999025,"y":1.3621420860290528,"z":28.20687484741211},"rotation":{"x":-0.06020404025912285,"y":0.9394551515579224,"z":-0.25123319029808047,"w":-0.2251255214214325},"size":3.569563627243042,"orthographic":false}