{"cameraMode":{"drawMode":0,"name":"Shaded","section":"Shading Mode"},"sceneLighting":false,"audioPlay":false,"sceneViewState":{"showFog":true,"showMaterialUpdate":false,"showSkybox":false,"showFlares":true,"showImageEffects":true,"showParticleSystems":true},"in2DMode":false,"pivot":{"x":25.809999465942384,"y":0.6822731494903565,"z":-1.399999976158142},"rotation":{"x":-0.12307419627904892,"y":0.8212080001831055,"z":-0.19341519474983216,"w":-0.5225521326065064},"size":0.4330126941204071,"orthographic":false}