{"cameraMode":{"drawMode":0,"name":"Shaded","section":"Shading Mode"},"sceneLighting":true,"audioPlay":false,"sceneViewState":{"showFog":true,"showMaterialUpdate":false,"showSkybox":true,"showFlares":true,"showImageEffects":true,"showParticleSystems":true},"in2DMode":false,"pivot":{"x":33.27339172363281,"y":0.028461933135986329,"z":5.0767502784729},"rotation":{"x":-0.13012348115444184,"y":0.8217853307723999,"z":-0.2079199105501175,"w":-0.5143014192581177},"size":8.36721420288086,"orthographic":false}