{"cameraMode":{"drawMode":0,"name":"Shaded","section":"Shading Mode"},"sceneLighting":true,"audioPlay":false,"sceneViewState":{"showFog":true,"showMaterialUpdate":false,"showSkybox":true,"showFlares":true,"showImageEffects":true,"showParticleSystems":true},"in2DMode":false,"pivot":{"x":490.995849609375,"y":-6.375946044921875,"z":490.31689453125},"rotation":{"x":-0.19259168207645417,"y":-0.00824545044451952,"z":0.0016183227999135852,"w":-0.9812424182891846},"size":401.7978515625,"orthographic":false}