{"cameraMode":{"drawMode":0,"name":"Shaded","section":"Shading Mode"},"sceneLighting":false,"audioPlay":false,"sceneViewState":{"showFog":true,"showMaterialUpdate":false,"showSkybox":false,"showFlares":true,"showImageEffects":true,"showParticleSystems":true},"in2DMode":false,"pivot":{"x":20.593332290649415,"y":1.0104756355285645,"z":20.358577728271486},"rotation":{"x":-0.11951593309640885,"y":0.8633503317832947,"z":-0.24201788008213044,"w":-0.42634814977645876},"size":5.101823329925537,"orthographic":false}